feature,importance,Modelo,Classe
network_header-length_min,0.0029200765333902,decision_tree,benign
network_packets_all_count,0.0029200765333902,decision_tree,benign
network_ports_src_count,0.0003228718625448,decision_tree,benign
network_ip-flags_min,0.0001562942160419,decision_tree,benign
network_fragmented-packets,0.0001335803160242,decision_tree,benign
network_header-length_avg,0.0001129158965836,decision_tree_multi,benign
network_header-length_max,0.0001129158965836,decision_tree_multi,benign
network_fragmented-packets,0.0,decision_tree_multi,benign
network_fragmentation-score,0.0,decision_tree_multi,benign
network_header-length_min,0.0,decision_tree_multi,benign
network_header-length_max,1.7752784803807264e-05,decision_tree_multi,bruteforce
network_header-length_avg,1.7752784803805465e-05,decision_tree_multi,bruteforce
network_fragmented-packets,0.0,decision_tree_multi,bruteforce
network_fragmentation-score,0.0,decision_tree_multi,bruteforce
network_header-length_min,0.0,decision_tree_multi,bruteforce
network_fragmentation-score,0.0,decision_tree_multi,ddos
network_fragmented-packets,0.0,decision_tree_multi,ddos
network_header-length_avg,0.0,decision_tree_multi,ddos
network_header-length_max,0.0,decision_tree_multi,ddos
network_header-length_min,0.0,decision_tree_multi,ddos
network_fragmentation-score,0.0,decision_tree_multi,dos
network_fragmented-packets,0.0,decision_tree_multi,dos
network_header-length_avg,0.0,decision_tree_multi,dos
network_header-length_max,0.0,decision_tree_multi,dos
network_header-length_min,0.0,decision_tree_multi,dos
network_fragmentation-score,0.0,decision_tree_multi,malware
network_fragmented-packets,0.0,decision_tree_multi,malware
network_header-length_avg,0.0,decision_tree_multi,malware
network_header-length_max,0.0,decision_tree_multi,malware
network_header-length_min,0.0,decision_tree_multi,malware
network_fragmentation-score,0.0,decision_tree_multi,mitm
network_fragmented-packets,0.0,decision_tree_multi,mitm
network_header-length_avg,0.0,decision_tree_multi,mitm
network_header-length_max,0.0,decision_tree_multi,mitm
network_header-length_min,0.0,decision_tree_multi,mitm
network_interval-packets,0.0038949904977463,decision_tree_multi,recon
network_fragmented-packets,0.0033718737710757,decision_tree_multi,recon
network_header-length_min,0.0025943464938821,decision_tree_multi,recon
network_header-length_std_deviation,0.0023016572141923,decision_tree_multi,recon
network_header-length_avg,0.0017462951814789,decision_tree_multi,recon
network_fragmented-packets,0.0016864170003488,decision_tree_multi,web
network_interval-packets,0.001209211915832,decision_tree_multi,web
network_header-length_min,0.0009402249551792,decision_tree_multi,web
network_header-length_max,0.0008734924304556,decision_tree_multi,web
network_header-length_std_deviation,0.0007774442561326,decision_tree_multi,web
network_fragmented-packets,0.0,logistic_regression,benign
network_header-length_std_deviation,0.0,logistic_regression,benign
network_interval-packets,0.0,logistic_regression,benign
network_ip-flags_min,0.0,logistic_regression,benign
network_ip-flags_std_deviation,0.0,logistic_regression,benign
network_fragmented-packets,0.0,logistic_regression_multi,benign
network_header-length_std_deviation,0.0,logistic_regression_multi,benign
network_interval-packets,0.0,logistic_regression_multi,benign
network_ip-flags_min,0.0,logistic_regression_multi,benign
network_ip-flags_std_deviation,0.0,logistic_regression_multi,benign
network_fragmented-packets,0.0,logistic_regression_multi,bruteforce
network_header-length_std_deviation,0.0,logistic_regression_multi,bruteforce
network_interval-packets,0.0,logistic_regression_multi,bruteforce
network_ip-flags_min,0.0,logistic_regression_multi,bruteforce
network_ip-flags_std_deviation,0.0,logistic_regression_multi,bruteforce
network_mss_std_deviation,0.0256557694845001,logistic_regression_multi,ddos
network_ip-flags_min,0.0241984009731409,logistic_regression_multi,ddos
network_interval-packets,0.0212848932086823,logistic_regression_multi,ddos
network_mss_min,0.0161917199293976,logistic_regression_multi,ddos
network_header-length_std_deviation,0.0109080250710271,logistic_regression_multi,ddos
network_packet-size_min,0.9163445819290732,logistic_regression_multi,dos
network_mss_std_deviation,0.3050668892497262,logistic_regression_multi,dos
network_header-length_std_deviation,0.1518344532572328,logistic_regression_multi,dos
network_fragmented-packets,0.1276453139312608,logistic_regression_multi,dos
network_mss_min,0.1006025950411495,logistic_regression_multi,dos
network_header-length_std_deviation,0.2689329862527336,logistic_regression_multi,malware
network_interval-packets,0.2360793654547258,logistic_regression_multi,malware
network_mss_min,0.1737827257495131,logistic_regression_multi,malware
network_ip-flags_std_deviation,0.1456493715970906,logistic_regression_multi,malware
network_packet-size_min,0.0726386432494219,logistic_regression_multi,malware
network_packet-size_min,0.0731533854605495,logistic_regression_multi,mitm
network_mss_std_deviation,0.058853778029917,logistic_regression_multi,mitm
network_ip-flags_min,0.0582137208582119,logistic_regression_multi,mitm
network_interval-packets,0.0547563202810199,logistic_regression_multi,mitm
network_fragmented-packets,0.0276710273011336,logistic_regression_multi,mitm
network_header-length_std_deviation,0.6109042964281205,logistic_regression_multi,recon
network_packet-size_min,0.3488709857808783,logistic_regression_multi,recon
network_fragmented-packets,0.2342090718695927,logistic_regression_multi,recon
network_ip-flags_std_deviation,0.1762379776591066,logistic_regression_multi,recon
network_mss_min,0.1053391256298892,logistic_regression_multi,recon
network_packet-size_min,1.4600249095512852,logistic_regression_multi,web
network_ip-flags_std_deviation,0.4534674932211659,logistic_regression_multi,web
network_ip-flags_min,0.4332255382803305,logistic_regression_multi,web
network_mss_std_deviation,0.2742850544130337,logistic_regression_multi,web
network_header-length_std_deviation,0.2492822244385575,logistic_regression_multi,web
network_protocols_dst_has_mqtt,0.0212381027948574,random_forest,benign
network_tcp-flags-psh_count,0.0201340919263763,random_forest,benign
network_ips_all_count,0.0176710856864368,random_forest,benign
network_protocols_dst_has_http,0.0122063500161556,random_forest,benign
network_protocols_dst_has_data,0.0063179459844715,random_forest,benign
network_header-length_min,0.0564470955336437,random_forest_multi,benign
network_header-length_max,0.0180716488400629,random_forest_multi,benign
network_header-length_avg,0.0081184596153267,random_forest_multi,benign
network_fragmented-packets,0.0040627134534196,random_forest_multi,benign
network_fragmentation-score,0.0031045687145501,random_forest_multi,benign
network_header-length_min,0.0125416254806305,random_forest_multi,bruteforce
network_fragmented-packets,0.0030993351606063,random_forest_multi,bruteforce
network_header-length_max,0.0018851195464669,random_forest_multi,bruteforce
network_header-length_avg,0.0015803381926692,random_forest_multi,bruteforce
network_fragmentation-score,0.0008920019453993,random_forest_multi,bruteforce
network_header-length_min,0.0217830371520426,random_forest_multi,ddos
network_header-length_max,0.0158496497358646,random_forest_multi,ddos
network_fragmented-packets,0.0130732139846907,random_forest_multi,ddos
network_fragmentation-score,0.0038888511686533,random_forest_multi,ddos
network_header-length_avg,0.0029299195531284,random_forest_multi,ddos
network_fragmentation-score,0.0034676807399539,random_forest_multi,dos
network_header-length_avg,0.0005297044827432,random_forest_multi,dos
network_fragmented-packets,0.0003502023053175,random_forest_multi,dos
network_header-length_min,0.0002321028374575,random_forest_multi,dos
network_header-length_max,0.0001564188283961,random_forest_multi,dos
network_fragmented-packets,7.576859848604823e-05,random_forest_multi,malware
network_header-length_avg,7.41838672322264e-05,random_forest_multi,malware
network_fragmentation-score,5.6575683053914814e-05,random_forest_multi,malware
network_header-length_max,4.3846620181450845e-05,random_forest_multi,malware
network_header-length_min,5.876990102304059e-06,random_forest_multi,malware
network_header-length_avg,0.0002092528516935,random_forest_multi,mitm
network_fragmentation-score,0.0001522541756524,random_forest_multi,mitm
network_header-length_min,0.0001470272546149,random_forest_multi,mitm
network_header-length_max,0.0001330644717843,random_forest_multi,mitm
network_fragmented-packets,4.6205669190163625e-05,random_forest_multi,mitm
network_header-length_avg,0.0001254668186226,random_forest_multi,recon
network_header-length_max,9.123305672535374e-05,random_forest_multi,recon
network_header-length_min,4.529499726647477e-05,random_forest_multi,recon
network_fragmented-packets,3.2638626344984106e-05,random_forest_multi,recon
network_fragmentation-score,2.674799129325337e-05,random_forest_multi,recon
network_header-length_max,0.0002737241911986,random_forest_multi,web
network_header-length_min,0.0002379123182376,random_forest_multi,web
network_fragmentation-score,0.0001778171302396,random_forest_multi,web
network_header-length_avg,9.978241234222444e-05,random_forest_multi,web
network_fragmented-packets,5.037172718578561e-05,random_forest_multi,web
